Model,Author,CV Accuracy,Test Accuracy,Precision (Macro),Recall (Macro),F1-Score (Macro),F1-Score (Weighted)
Gradient Boosting,Person C,0.961,0.9651,0.9655,0.9651,0.9652,0.9651
XGBoost,Person C,0.9613,0.9633,0.9636,0.9634,0.9635,0.9633
Decision Tree,Person A,0.9028,0.9058,0.9063,0.9058,0.906,0.9059
Random Forest,Person B,0.9006,0.9049,0.9052,0.905,0.9051,0.9049
MLP Classifier,Person C,0.8199,0.8271,0.8272,0.8274,0.8273,0.8269
Support Vector Machine,Person B,0.7555,0.7669,0.7683,0.7675,0.7679,0.7672
Logistic Regression,Person A,0.7087,0.7196,0.719,0.7199,0.7193,0.7189
K-Nearest Neighbors,Person A,0.6867,0.7006,0.7036,0.7006,0.7018,0.7013
Gaussian Naive Bayes,Person B,0.5249,0.5449,0.5955,0.5413,0.5328,0.5344
